{"24": {"Rating": 3.5870191532258127, "RGB": [0.4473577738249991, 0.3511763297298204, 0.17682759519390867], "Occurrences": 992, "RatingSum": 3558.3230000000062}, "25": {"Rating": 3.560625000000001, "RGB": [0.2398988315395414, 0.6626373600960159, 0.15586278056283254], "Occurrences": 152, "RatingSum": 541.2150000000001}, "26": {"Rating": 3.5212962962962933, "RGB": [0.12062478573031438, 0.4243947245896276, 0.2536435478361152], "Occurrences": 486, "RatingSum": 1711.3499999999985}, "27": {"Rating": 3.5335577956989317, "RGB": [0.5934414534597356, 0.10466498873345276, 0.11317111289939163], "Occurrences": 744, "RatingSum": 2628.967000000005}, "20": {"Rating": 3.5578522727272786, "RGB": [0.9148860434727706, 0.6589376085710242, 0.12786394195506673], "Occurrences": 792, "RatingSum": 2817.8190000000045}, "21": {"Rating": 3.4919540229885047, "RGB": [0.8681679133867526, 0.12254474486651545, 0.11801077499304813], "Occurrences": 522, "RatingSum": 1822.7999999999995}, "22": {"Rating": 3.57927458432304, "RGB": [0.7525024562852853, 0.7597790249782345, 0.7448978810806182], "Occurrences": 2105, "RatingSum": 7534.373}, "23": {"Rating": 3.56820777891505, "RGB": [0.9220898291497327, 0.8237663281268011, 0.5084714136178892], "Occurrences": 977, "RatingSum": 3486.1390000000038}, "28": {"Rating": 3.577178160919534, "RGB": [0.857806850532499, 0.8756049242095021, 0.8723530610196197], "Occurrences": 1392, "RatingSum": 4979.431999999992}, "29": {"Rating": 3.5907070292457632, "RGB": [0.5930557521432055, 0.5962367174865906, 0.5852551232377552], "Occurrences": 1949, "RatingSum": 6998.287999999992}, "0": {"Rating": 3.552023250122363, "RGB": [0.9725044164846384, 0.9708908417662119, 0.9566376246040668], "Occurrences": 4086, "RatingSum": 14513.566999999975}, "4": {"Rating": 3.6112949093036844, "RGB": [0.2797899052027192, 0.28042470901518823, 0.276991847706793], "Occurrences": 1709, "RatingSum": 6171.702999999997}, "8": {"Rating": 3.5499930875576036, "RGB": [0.3633510555365774, 0.6341586980570038, 0.7506128026375436], "Occurrences": 434, "RatingSum": 1540.697}, "59": {"Rating": 3.580457700650756, "RGB": [0.9435947666160018, 0.9319532334378231, 0.8946658998920665], "Occurrences": 1844, "RatingSum": 6602.363999999994}, "58": {"Rating": 3.574174768518525, "RGB": [0.8635451284248471, 0.542892798359537, 0.21681343131301184], "Occurrences": 864, "RatingSum": 3088.0870000000054}, "55": {"Rating": 3.6074117994100274, "RGB": [0.331474365094104, 0.3446884587687612, 0.34377447757937185], "Occurrences": 1695, "RatingSum": 6114.5629999999965}, "54": {"Rating": 3.504772908366534, "RGB": [0.6684955496735727, 0.19697023795415153, 0.23427449127853678], "Occurrences": 753, "RatingSum": 2639.094}, "57": {"Rating": 3.593319696969699, "RGB": [0.9510934330389862, 0.9127102424376323, 0.793196236550112], "Occurrences": 1320, "RatingSum": 4743.1820000000025}, "56": {"Rating": 3.5214471780028926, "RGB": [0.34998299340391914, 0.4745080019302872, 0.2595118782927374], "Occurrences": 691, "RatingSum": 2433.319999999999}, "51": {"Rating": 3.5547944732297103, "RGB": [0.8776053226909473, 0.4092182699948209, 0.12508928848217982], "Occurrences": 579, "RatingSum": 2058.2260000000024}, "50": {"Rating": 3.5567871287128736, "RGB": [0.711126123677295, 0.4498528627963235, 0.4246651487783784], "Occurrences": 606, "RatingSum": 2155.4130000000014}, "53": {"Rating": 3.5819046391752565, "RGB": [0.13535367832682998, 0.6460972867913104, 0.8117450318795092], "Occurrences": 388, "RatingSum": 1389.7789999999995}, "52": {"Rating": 3.5989266259032835, "RGB": [0.2307794038719298, 0.2327277090642953, 0.2212736530400649], "Occurrences": 1799, "RatingSum": 6474.469000000007}, "88": {"Rating": 3.631931653434592, "RGB": [0.0230289692063107, 0.017776142853721977, 0.01745793802329637], "Occurrences": 2897, "RatingSum": 10521.706000000013}, "89": {"Rating": 3.5649929929929884, "RGB": [0.8091383844863895, 0.80965412209885, 0.8022550535673243], "Occurrences": 1998, "RatingSum": 7122.855999999991}, "82": {"Rating": 3.6016201497617413, "RGB": [0.18020928954405346, 0.09298143830307215, 0.05576951573513378], "Occurrences": 1469, "RatingSum": 5290.779999999998}, "83": {"Rating": 3.484126074498572, "RGB": [0.7288427799621717, 0.11989922941997644, 0.13809288682912857], "Occurrences": 698, "RatingSum": 2431.9200000000033}, "80": {"Rating": 3.5940084134615393, "RGB": [0.6984362585236211, 0.7078225818376034, 0.7088602276078727], "Occurrences": 1664, "RatingSum": 5980.430000000001}, "81": {"Rating": 3.5923610315186236, "RGB": [0.4318037709799233, 0.25290215915299025, 0.2055216585065543], "Occurrences": 1047, "RatingSum": 3761.201999999999}, "86": {"Rating": 3.570800904977374, "RGB": [0.38163266142303687, 0.2279065916586051, 0.10761608736279799], "Occurrences": 1105, "RatingSum": 3945.7349999999983}, "87": {"Rating": 3.5605784037558705, "RGB": [0.9327602337161114, 0.867940269681732, 0.6605130494402498], "Occurrences": 1065, "RatingSum": 3792.0160000000024}, "84": {"Rating": 3.5934859154929604, "RGB": [0.5053834063153242, 0.3713703409957005, 0.26679689970049114], "Occurrences": 1278, "RatingSum": 4592.475000000003}, "85": {"Rating": 3.4673419354838737, "RGB": [0.09819327405920208, 0.2784961378860622, 0.5010235500617666], "Occurrences": 620, "RatingSum": 2149.7520000000018}, "3": {"Rating": 3.492276029055694, "RGB": [0.08710309557969265, 0.15660268789887422, 0.29173349810882115], "Occurrences": 826, "RatingSum": 2884.620000000003}, "7": {"Rating": 3.5555912225705386, "RGB": [0.8938956240942599, 0.8413183659327241, 0.7600894101770077], "Occurrences": 1595, "RatingSum": 5671.168000000009}, "39": {"Rating": 3.604417953116064, "RGB": [0.23332308997321377, 0.16805537807548054, 0.10124393000300763], "Occurrences": 1749, "RatingSum": 6304.126999999996}, "38": {"Rating": 3.5634971031286176, "RGB": [0.5401499027113037, 0.21552227241583755, 0.18978405382948837], "Occurrences": 863, "RatingSum": 3075.297999999997}, "33": {"Rating": 3.594854282536154, "RGB": [0.09439336166643308, 0.10042546844707362, 0.09456785512415922], "Occurrences": 1798, "RatingSum": 6463.548000000004}, "32": {"Rating": 3.57574553571429, "RGB": [0.6048414388920769, 0.3709901835932896, 0.351259647265586], "Occurrences": 672, "RatingSum": 2402.901000000003}, "31": {"Rating": 3.537068597560977, "RGB": [0.788782574004187, 0.3504957771494622, 0.29483720870176555], "Occurrences": 656, "RatingSum": 2320.317000000001}, "30": {"Rating": 3.610947488584474, "RGB": [0.40576934654334074, 0.4093103198569251, 0.39892876331594745], "Occurrences": 1752, "RatingSum": 6326.379999999998}, "37": {"Rating": 3.5637669322709202, "RGB": [0.8690967417925071, 0.7162243928219689, 0.4302281941370362], "Occurrences": 1004, "RatingSum": 3578.022000000004}, "36": {"Rating": 3.534696280991734, "RGB": [0.2683371612163036, 0.5003567677514491, 0.6550093949052771], "Occurrences": 484, "RatingSum": 1710.7929999999994}, "35": {"Rating": 3.5506069042316337, "RGB": [0.8974318423141172, 0.7139830129471376, 0.2516337871605452], "Occurrences": 898, "RatingSum": 3188.445000000007}, "34": {"Rating": 3.580096989966557, "RGB": [0.4611228487059167, 0.5854872487426749, 0.31801425107286835], "Occurrences": 598, "RatingSum": 2140.898000000001}, "60": {"Rating": 3.5776297798377774, "RGB": [0.5701305548503197, 0.5039637814763808, 0.405725197893942], "Occurrences": 1726, "RatingSum": 6174.989000000004}, "61": {"Rating": 3.5762026022304827, "RGB": [0.5986951834539646, 0.6749131968998302, 0.3557027574877842], "Occurrences": 538, "RatingSum": 1923.9969999999996}, "62": {"Rating": 3.561709677419355, "RGB": [0.8393045368725269, 0.5224823836171797, 0.5100102769467015], "Occurrences": 496, "RatingSum": 1766.608}, "63": {"Rating": 3.5279192100538594, "RGB": [0.9258850608036999, 0.8396745710987081, 0.32136954257939904], "Occurrences": 557, "RatingSum": 1965.0509999999997}, "64": {"Rating": 3.492532608695652, "RGB": [0.12612267859008675, 0.1982713094496376, 0.7606544518795668], "Occurrences": 92, "RatingSum": 321.313}, "65": {"Rating": 3.5648919925512117,