{"24": {"Rating": 3.5350050568900127, "RGB": [0.1797788290560372, 0.2606500273297402, 0.34845913602660405], "Occurrences": 791, "RatingSum": 2796.189}, "25": {"Rating": 3.5406782246879325, "RGB": [0.26504192019269585, 0.37325621571989964, 0.1773003801453209], "Occurrences": 721, "RatingSum": 2552.8289999999993}, "26": {"Rating": 3.5587808471454916, "RGB": [0.727964214646399, 0.5837009657405443, 0.342212006070632], "Occurrences": 1086, "RatingSum": 3864.836000000004}, "27": {"Rating": 3.5394523809523806, "RGB": [0.8170415365799794, 0.2820839690320344, 0.23474352768453838], "Occurrences": 756, "RatingSum": 2675.8259999999996}, "20": {"Rating": 3.5595985401459846, "RGB": [0.4265209822495086, 0.7544926585734667, 0.8455564425467924], "Occurrences": 274, "RatingSum": 975.3299999999998}, "21": {"Rating": 3.5985764872521235, "RGB": [0.39210837041191804, 0.09518185769661369, 0.07949768654662659], "Occurrences": 706, "RatingSum": 2540.5949999999993}, "22": {"Rating": 3.5520564784053237, "RGB": [0.8951539974014924, 0.7116189122519534, 0.24015984489592657], "Occurrences": 903, "RatingSum": 3207.5070000000073}, "23": {"Rating": 3.5923590411672666, "RGB": [0.6176580696190128, 0.6143219711132007, 0.6037920341358085], "Occurrences": 1919, "RatingSum": 6893.736999999985}, "28": {"Rating": 3.5972650854551804, "RGB": [0.08365014016967975, 0.07192405747003366, 0.062058641069231424], "Occurrences": 2867, "RatingSum": 10313.359000000002}, "29": {"Rating": 3.52058620689655, "RGB": [0.26264698542616927, 0.4151391843276395, 0.6022813091430076], "Occurrences": 435, "RatingSum": 1531.4549999999992}, "0": {"Rating": 3.608682227945908, "RGB": [0.13441338484315168, 0.13221579633698677, 0.12387718875440812], "Occurrences": 3106, "RatingSum": 11208.56699999999}, "4": {"Rating": 3.554832051282057, "RGB": [0.9076386679466195, 0.6259414086365326, 0.1329624063870133], "Occurrences": 780, "RatingSum": 2772.7690000000043}, "8": {"Rating": 3.5761853562005177, "RGB": [0.8307488711445091, 0.7093877710173201, 0.5195900485067281], "Occurrences": 1516, "RatingSum": 5421.496999999985}, "59": {"Rating": 3.538859030836998, "RGB": [0.5430050232792787, 0.6715952840803607, 0.7298874484420431], "Occurrences": 681, "RatingSum": 2409.9629999999956}, "58": {"Rating": 3.4888066202090586, "RGB": [0.10399684546078858, 0.3027367992486317, 0.14718362329419277], "Occurrences": 574, "RatingSum": 2002.5749999999996}, "55": {"Rating": 3.576157629255994, "RGB": [0.6397875574695305, 0.35477501429848646, 0.3094540104570732], "Occurrences": 793, "RatingSum": 2835.893000000003}, "54": {"Rating": 3.5791800327332255, "RGB": [0.5559049504378601, 0.2879010682354109, 0.09482380686317948], "Occurrences": 611, "RatingSum": 2186.879000000001}, "57": {"Rating": 3.5625532746823096, "RGB": [0.9361698014529608, 0.8741000837138899, 0.6691257384715116], "Occurrences": 1023, "RatingSum": 3644.492000000003}, "56": {"Rating": 3.583505827505827, "RGB": [0.7261903539411861, 0.6284092053915125, 0.15215608469551106], "Occurrences": 429, "RatingSum": 1537.3239999999998}, "51": {"Rating": 3.6118212209302336, "RGB": [0.25455926747417185, 0.24730857913759202, 0.23839981450132014], "Occurrences": 2064, "RatingSum": 7454.799000000002}, "50": {"Rating": 3.603610911270983, "RGB": [0.3037345728570378, 0.3088910979008529, 0.2996721813502129], "Occurrences": 1668, "RatingSum": 6010.822999999999}, "53": {"Rating": 3.651865853658534, "RGB": [0.6051624118040831, 0.3379709349641513, 0.5792840662274843], "Occurrences": 164, "RatingSum": 598.9059999999996}, "52": {"Rating": 3.592751504211794, "RGB": [0.6469466750615743, 0.5388707724738028, 0.43291575529195786], "Occurrences": 1662, "RatingSum": 5971.153000000001}, "88": {"Rating": 3.6050137395459947, "RGB": [0.487268218881592, 0.4836431503321984, 0.4756646412615241], "Occurrences": 1674, "RatingSum": 6034.792999999995}, "89": {"Rating": 3.5343362255965274, "RGB": [0.7267996987361534, 0.854294160274945, 0.8975447045585605], "Occurrences": 461, "RatingSum": 1629.328999999999}, "82": {"Rating": 3.5993641686182647, "RGB": [0.43664636854213845, 0.3625252753973711, 0.2808617484897976], "Occurrences": 1708, "RatingSum": 6147.713999999996}, "83": {"Rating": 3.560873731679818, "RGB": [0.8366762676016852, 0.7901338435745963, 0.7148276029701465], "Occurrences": 1774, "RatingSum": 6316.989999999997}, "80": {"Rating": 3.6493723404255314, "RGB": [0.40390127401339543, 0.18384799453635942, 0.405319703780538], "Occurrences": 282, "RatingSum": 1029.1229999999998}, "81": {"Rating": 3.5705919786096323, "RGB": [0.7770294363999946, 0.7299651014326705, 0.644143242987026], "Occurrences": 1870, "RatingSum": 6677.007000000012}, "86": {"Rating": 3.5428265306122486, "RGB": [0.494916948958001, 0.5870155393713611, 0.6348097188448452], "Occurrences": 784, "RatingSum": 2777.5760000000028}, "87": {"Rating": 3.5934353914704005, "RGB": [0.6628380274931233, 0.5988997411268755, 0.5207420349756202], "Occurrences": 1571, "RatingSum": 5645.286999999999}, "84": {"Rating": 3.5691792782305076, "RGB": [0.9256464003686635, 0.8316832500358198, 0.522917381011193], "Occurrences": 859, "RatingSum": 3065.925000000006}, "85": {"Rating": 3.545013245033115, "RGB": [0.9370565489581849, 0.8126660303048026, 0.10497172662041004], "Occurrences": 755, "RatingSum": 2676.485000000002}, "3": {"Rating": 3.576106954249825, "RGB": [0.9917912806320476, 0.9916295488539842, 0.9874391691479476], "Occurrences": 17989, "RatingSum": 64330.588000000105}, "7": {"Rating": 3.596320652173911, "RGB": [0.46542632232732073, 0.24949657790731644, 0.20177333850212859], "Occurrences": 1104, "RatingSum": 3970.3379999999975}, "39": {"Rating": 3.5925720313441816, "RGB": [0.2985929908725113, 0.21609998167086214, 0.1557672761551267], "Occurrences": 1659, "RatingSum": 5960.0769999999975}, "38": {"Rating": 3.497488980716251, "RGB": [0.8582064844735466, 0.13584817432668428, 0.12854553528341184], "Occurrences": 726, "RatingSum": 2539.1769999999983}, "33": {"Rating": 3.566590361445781, "RGB": [0.399731062911977, 0.5954042215516981, 0.4097217271692166], "Occurrences": 415, "RatingSum": 1480.134999999999}, "32": {"Rating": 3.610599999999997, "RGB": [0.28218618922481736, 0.1415076615576888, 0.08095061271959975], "Occurrences": 1330, "RatingSum": 4802.097999999996}, "31": {"Rating": 3.5512259414225964, "RGB": [0.2623236947558258, 0.35804215256462724, 0.45122929604545486], "Occurrences": 717, "RatingSum": 2546.2290000000016}, "30": {"Rating": 3.5549045329670292, "RGB": [0.8666231372899281, 0.7876834577932363, 0.6182168079309313], "Occurrences": 1456, "RatingSum": 5175.940999999994}, "37": {"Rating": 3.558528641571199, "RGB": [0.8730359438638187, 0.41762226102483624, 0.12643651723328908], "Occurrences": 611, "RatingSum": 2174.2610000000027}, "36": {"Rating": 3.595679428044272, "RGB": [0.6776412434032294, 0.6777121373335335, 0.6715633370656339], "Occurrences": 2168, "RatingSum": 7795.432999999982}, "35": {"Rating": 3.6043844432008916, "RGB": [0.36470989653400687, 0.3643251667368592, 0.34815056463991734], "Occurrences": 1787, "RatingSum": 6441.0349999999935}, "34": {"Rating": 3.5163487833140232, "RGB": [0.7310424885811438, 0.1829570534275573, 0.19847042675230503], "Occurrences": 863, "RatingSum": 3034.609000000002}, "60": {"Rating": 3.5016794871794867, "RGB": [0.11844390737962668, 0.1789035144751014, 0.7650536531881442], "Occurrences": 78, "RatingSum": 273.131}, "61": {"Rating": 3.6004640371229697, "RGB": [0.7235480099081646, 0.764803519127437, 0.29980385553492717], "Occurrences": 431, "RatingSum": 1551.8}, "62": {"Rating": 3.5328217821782184, "RGB": [0.8874158503392042, 0.6735005153337129, 0.6751675815436344], "Occurrences": 505, "RatingSum": 1784.0750000000003}, "63": {"Rating": 3.530116515837101, "RGB": [0.5290651965146189, 0.11603451658423003, 0.11300684050539389], "Occurrences": 884, "RatingSum": 3120.6229999999973}, "64": {"Rating": 3.5020476804123764, "RGB": [0.09143818362863443, 0.14962068925440308, 0.2657965402365721], "Occurrences": 776, "RatingSum": 2717.589000000004},