{"11": {"Rating": 3.4952495812395266, "RGB": [0.996078431372549, 0.14901960784313725, 0.07058823529411765], "Votes": 597, "RatingSum": 2086.6639999999975}, "10": {"Rating": 3.569938735888375, "RGB": [0.6588235294117647, 0.09411764705882353, 0.29411764705882354], "Votes": 13907, "RatingSum": 49647.137999999635}, "13": {"Rating": 3.5987086891690816, "RGB": [0.0, 0.0, 0.0], "Votes": 22131, "RatingSum": 79643.02200000094}, "12": {"Rating": 3.5712937090359174, "RGB": [1.0, 1.0, 1.0], "Votes": 35702, "RatingSum": 127502.32800000033}, "1": {"Rating": 3.5685745318351985, "RGB": [0.984313725490196, 0.6, 0.00784313725490196], "Votes": 4005, "RatingSum": 14292.14099999997}, "0": {"Rating": 3.5656691230655855, "RGB": [0.996078431372549, 0.3215686274509804, 0.03529411764705882], "Votes": 1357, "RatingSum": 4838.612999999999}, "3": {"Rating": 3.5566304347826097, "RGB": [1.0, 0.996078431372549, 0.20784313725490197], "Votes": 230, "RatingSum": 818.0250000000002}, "2": {"Rating": 3.5494914658634498, "RGB": [0.9686274509803922, 0.7411764705882353, 0.00392156862745098], "Votes": 1992, "RatingSum": 7070.586999999992}, "5": {"Rating": 3.581228906296743, "RGB": [0.4, 0.6941176470588235, 0.19215686274509805], "Votes": 33446, "RatingSum": 119777.78200000087}, "4": {"Rating": 3.566124624624637, "RGB": [0.8196078431372549, 0.9137254901960784, 0.2], "Votes": 7326, "RatingSum": 26125.42900000009}, "7": {"Rating": 3.4644816849816884, "RGB": [0.03529411764705882, 0.26666666666666666, 0.9921568627450981], "Votes": 546, "RatingSum": 1891.6070000000018}, "6": {"Rating": 3.5432832861189754, "RGB": [0.00784313725490196, 0.5686274509803921, 0.803921568627451], "Votes": 2118, "RatingSum": 7504.67399999999}, "9": {"Rating": 3.6580560747663533, "RGB": [0.5254901960784314, 0.00784313725490196, 0.6745098039215687], "Votes": 107, "RatingSum": 391.4119999999998}, "8": {"Rating": 3.553591846758351, "RGB": [0.24705882352941178, 0.00392156862745098, 0.6431372549019608], "Votes": 2036, "RatingSum": 7235.113000000002}}