{"11": {"Rating": 3.4950703517587907, "RGB": [0.996078431372549, 0.14901960784313725, 0.07058823529411765], "Votes": 597, "RatingSum": 2086.556999999998}, "10": {"Rating": 3.56985720448659, "RGB": [0.6588235294117647, 0.09411764705882353, 0.29411764705882354], "Votes": 13908, "RatingSum": 49649.5739999995}, "13": {"Rating": 3.598666290155014, "RGB": [0.0, 0.0, 0.0], "Votes": 22133, "RatingSum": 79649.28100000092}, "12": {"Rating": 3.571234210010359, "RGB": [1.0, 1.0, 1.0], "Votes": 35703, "RatingSum": 127503.77499999985}, "1": {"Rating": 3.5683437343983937, "RGB": [0.984313725490196, 0.6, 0.00784313725490196], "Votes": 4006, "RatingSum": 14294.784999999965}, "0": {"Rating": 3.5654016212232804, "RGB": [0.996078431372549, 0.3215686274509804, 0.03529411764705882], "Votes": 1357, "RatingSum": 4838.249999999992}, "3": {"Rating": 3.556426086956522, "RGB": [1.0, 0.996078431372549, 0.20784313725490197], "Votes": 230, "RatingSum": 817.9780000000001}, "2": {"Rating": 3.549428714859432, "RGB": [0.9686274509803922, 0.7411764705882353, 0.00392156862745098], "Votes": 1992, "RatingSum": 7070.461999999989}, "5": {"Rating": 3.5811971717292725, "RGB": [0.4, 0.6941176470588235, 0.19215686274509805], "Votes": 33448, "RatingSum": 119783.88300000071}, "4": {"Rating": 3.5659657524901225, "RGB": [0.8196078431372549, 0.9137254901960784, 0.2], "Votes": 7329, "RatingSum": 26134.96300000011}, "7": {"Rating": 3.4643791208791246, "RGB": [0.03529411764705882, 0.26666666666666666, 0.9921568627450981], "Votes": 546, "RatingSum": 1891.551000000002}, "6": {"Rating": 3.5431109537299275, "RGB": [0.00784313725490196, 0.5686274509803921, 0.803921568627451], "Votes": 2118, "RatingSum": 7504.308999999987}, "9": {"Rating": 3.658028037383177, "RGB": [0.5254901960784314, 0.00784313725490196, 0.6745098039215687], "Votes": 107, "RatingSum": 391.40899999999993}, "8": {"Rating": 3.5535378192534375, "RGB": [0.24705882352941178, 0.00392156862745098, 0.6431372549019608], "Votes": 2036, "RatingSum": 7235.002999999999}}